[ {
    "image": "crossings/image0.png",
    "id": 152649789,
    "longitude": 9.0863774,
    "latitude": 45.8021613,
    "tag": "highway;traffic_signals"
  },


  {
    "image": "crossings/image1.png",
    "id": 154772103,
    "longitude": 9.0835478,
    "latitude": 45.8055796,
    "tag": "highway;traffic_signals"
  },


  {
    "image": "crossings/image2.png",
    "id": 244469339,
    "longitude": 9.0761948,
    "latitude": 45.8127982,
    "tag": "highway;traffic_signals"
  },


  {
    "image": "crossings/image3.png",
    "id": 244480920,
    "longitude": 9.0839168,
    "latitude": 45.7901931,
    "tag": "highway;traffic_signals"
  },


  {
    "image": "crossings/image4.png",
    "id": 247106356,
    "longitude": 9.0845179,
    "latitude": 45.8020125,
    "tag": "crossing;traffic_signals"
  },


  {
    "image": "crossings/image5.png",
    "id": 247111622,
    "longitude": 9.0232861,
    "latitude": 45.7733451,
    "tag": "highway;traffic_signals"
  },


  {
    "image": "crossings/image6.png",
    "id": 247114825,
    "longitude": 9.0748392,
    "latitude": 45.8096588,
    "tag": "highway;traffic_signals"
  },


  {
    "image": "crossings/image7.png",
    "id": 255925474,
    "longitude": 9.0845843,
    "latitude": 45.7902334,
    "tag": "highway;traffic_signals"
  },


  {
    "image": "crossings/image8.png",
    "id": 255926283,
    "longitude": 9.0940878,
    "latitude": 45.7896711,
    "tag": "highway;traffic_signals"
  },


  {
    "image": "crossings/image9.png",
    "id": 268189500,
    "longitude": 9.0380502,
    "latitude": 45.8305925,
    "tag": "highway;traffic_signals"
  },


  {
    "image": "crossings/image10.png",
    "id": 269350371,
    "longitude": 9.0895305,
    "latitude": 45.8085132,
    "tag": "highway;traffic_signals"
  },


  {
    "image": "crossings/image11.png",
    "id": 269366847,
    "longitude": 9.0980883,
    "latitude": 45.8056395,
    "tag": "crossing;traffic_signals"
  },


  {
    "image": "crossings/image12.png",
    "id": 273205014,
    "longitude": 9.0987923,
    "latitude": 45.8048025,
    "tag": "highway;traffic_signals"
  },


  {
    "image": "crossings/image13.png",
    "id": 273471204,
    "longitude": 9.0904028,
    "latitude": 45.787783,
    "tag": "crossing_ref;zebra"
  },


  {
    "image": "crossings/image14.png",
    "id": 278448158,
    "longitude": 9.0813012,
    "latitude": 45.8043473,
    "tag": "supervised;yes"
  },


  {
    "image": "crossings/image15.png",
    "id": 291691232,
    "longitude": 9.0686666,
    "latitude": 45.7875934,
    "tag": "highway;traffic_signals"
  },


  {
    "image": "crossings/image16.png",
    "id": 291691236,
    "longitude": 9.0657509,
    "latitude": 45.7911447,
    "tag": "highway;traffic_signals"
  },


  {
    "image": "crossings/image17.png",
    "id": 300307001,
    "longitude": 9.1046602,
    "latitude": 45.7752076,
    "tag": "highway;traffic_signals"
  },


  {
    "image": "crossings/image18.png",
    "id": 321342325,
    "longitude": 9.0591165,
    "latitude": 45.8008508,
    "tag": "highway;traffic_signals"
  },


  {
    "image": "crossings/image19.png",
    "id": 352935832,
    "longitude": 9.0526345,
    "latitude": 45.8240794,
    "tag": "highway;traffic_signals"
  },


  {
    "image": "crossings/image20.png",
    "id": 370603914,
    "longitude": 9.0781729,
    "latitude": 45.806236,
    "tag": "highway;traffic_signals"
  },


  {
    "image": "crossings/image21.png",
    "id": 370603926,
    "longitude": 9.074919,
    "latitude": 45.8096895,
    "tag": "highway;traffic_signals"
  },


  {
    "image": "crossings/image22.png",
    "id": 380354686,
    "longitude": 9.069667,
    "latitude": 45.7860725,
    "tag": "highway;traffic_signals"
  },


  {
    "image": "crossings/image23.png",
    "id": 380366811,
    "longitude": 9.0650507,
    "latitude": 45.790701,
    "tag": "highway;traffic_signals"
  },


  {
    "image": "crossings/image24.png",
    "id": 380367541,
    "longitude": 9.0586477,
    "latitude": 45.797181,
    "tag": "highway;traffic_signals"
  },


  {
    "image": "crossings/image25.png",
    "id": 380373790,
    "longitude": 9.0527121,
    "latitude": 45.7723335,
    "tag": "highway;traffic_signals"
  },


  {
    "image": "crossings/image26.png",
    "id": 472276825,
    "longitude": 9.042195,
    "latitude": 45.7838548,
    "tag": "highway;traffic_signals"
  },


  {
    "image": "crossings/image27.png",
    "id": 537977077,
    "longitude": 9.0562417,
    "latitude": 45.7880072,
    "tag": "highway;traffic_signals"
  },


  {
    "image": "crossings/image28.png",
    "id": 662087000,
    "longitude": 9.0719435,
    "latitude": 45.8312778,
    "tag": "highway;traffic_signals"
  },


  {
    "image": "crossings/image29.png",
    "id": 921818999,
    "longitude": 9.0850054,
    "latitude": 45.8021392,
    "tag": "highway;traffic_signals"
  },


  {
    "image": "crossings/image30.png",
    "id": 921819021,
    "longitude": 9.0824875,
    "latitude": 45.8037334,
    "tag": "highway;traffic_signals"
  },


  {
    "image": "crossings/image31.png",
    "id": 921819024,
    "longitude": 9.0846539,
    "latitude": 45.8020969,
    "tag": "crossing;traffic_signals"
  },


  {
    "image": "crossings/image32.png",
    "id": 921819072,
    "longitude": 9.0823631,
    "latitude": 45.803434,
    "tag": "highway;traffic_signals"
  },


  {
    "image": "crossings/image33.png",
    "id": 927108064,
    "longitude": 9.0846854,
    "latitude": 45.7904767,
    "tag": "highway;traffic_signals"
  },


  {
    "image": "crossings/image34.png",
    "id": 953898121,
    "longitude": 9.0813464,
    "latitude": 45.7893524,
    "tag": "supervised;yes"
  },


  {
    "image": "crossings/image35.png",
    "id": 1380225027,
    "longitude": 9.0590102,
    "latitude": 45.8010801,
    "tag": "highway;traffic_signals"
  },


  {
    "image": "crossings/image36.png",
    "id": 1543373806,
    "longitude": 9.0768577,
    "latitude": 45.8076429,
    "tag": "highway;traffic_signals"
  },


  {
    "image": "crossings/image37.png",
    "id": 1543373809,
    "longitude": 9.0767586,
    "latitude": 45.8076198,
    "tag": "highway;traffic_signals"
  },


  {
    "image": "crossings/image38.png",
    "id": 1543373921,
    "longitude": 9.0740979,
    "latitude": 45.8109951,
    "tag": "highway;traffic_signals"
  },


  {
    "image": "crossings/image39.png",
    "id": 1608486774,
    "longitude": 9.074119,
    "latitude": 45.8126365,
    "tag": "highway;traffic_signals"
  },


  {
    "image": "crossings/image40.png",
    "id": 1827726873,
    "longitude": 9.0853697,
    "latitude": 45.8064281,
    "tag": "highway;traffic_signals"
  },


  {
    "image": "crossings/image41.png",
    "id": 1913970606,
    "longitude": 9.0850941,
    "latitude": 45.8063048,
    "tag": "highway;traffic_signals"
  },


  {
    "image": "crossings/image42.png",
    "id": 2032805899,
    "longitude": 9.0847681,
    "latitude": 45.8021107,
    "tag": "highway;traffic_signals"
  },


  {
    "image": "crossings/image43.png",
    "id": 2032806035,
    "longitude": 9.0843039,
    "latitude": 45.7902645,
    "tag": "highway;traffic_signals"
  },


  {
    "image": "crossings/image44.png",
    "id": 2032806081,
    "longitude": 9.0589844,
    "latitude": 45.8010744,
    "tag": "highway;traffic_signals"
  },


  {
    "image": "crossings/image45.png",
    "id": 2032806144,
    "longitude": 9.0591304,
    "latitude": 45.800746,
    "tag": "highway;traffic_signals"
  },


  {
    "image": "crossings/image46.png",
    "id": 2032806177,
    "longitude": 9.0592999,
    "latitude": 45.8007957,
    "tag": "highway;traffic_signals"
  },


  {
    "image": "crossings/image47.png",
    "id": 2032806404,
    "longitude": 9.0586087,
    "latitude": 45.7970904,
    "tag": "crossing;traffic_signals"
  },


  {
    "image": "crossings/image48.png",
    "id": 2038581023,
    "longitude": 9.0935066,
    "latitude": 45.7793391,
    "tag": "highway;traffic_signals"
  },


  {
    "image": "crossings/image49.png",
    "id": 2040164226,
    "longitude": 9.0812528,
    "latitude": 45.8043115,
    "tag": "crossing_ref;zebra"
  },


  {
    "image": "crossings/image50.png",
    "id": 2070796902,
    "longitude": 9.0762011,
    "latitude": 45.8409079,
    "tag": "supervised;yes"
  },


  {
    "image": "crossings/image51.png",
    "id": 2070796912,
    "longitude": 9.0776003,
    "latitude": 45.8424432,
    "tag": "bicycle;yes"
  },


  {
    "image": "crossings/image52.png",
    "id": 2157440250,
    "longitude": 9.0917588,
    "latitude": 45.7841576,
    "tag": "highway;traffic_signals"
  },


  {
    "image": "crossings/image53.png",
    "id": 2298875383,
    "longitude": 9.0926548,
    "latitude": 45.7801017,
    "tag": "highway;traffic_signals"
  },


  {
    "image": "crossings/image54.png",
    "id": 2902710204,
    "longitude": 9.0719288,
    "latitude": 45.8313684,
    "tag": "highway;traffic_signals"
  },


  {
    "image": "crossings/image55.png",
    "id": 2902718803,
    "longitude": 9.0719046,
    "latitude": 45.8315094,
    "tag": "highway;traffic_signals"
  },


  {
    "image": "crossings/image56.png",
    "id": 3067479042,
    "longitude": 9.0274535,
    "latitude": 45.8342816,
    "tag": "highway;traffic_signals"
  },


  {
    "image": "crossings/image57.png",
    "id": 3067479047,
    "longitude": 9.0272818,
    "latitude": 45.8342676,
    "tag": "highway;traffic_signals"
  },


  {
    "image": "crossings/image58.png",
    "id": 3067479050,
    "longitude": 9.0273074,
    "latitude": 45.8342911,
    "tag": "highway;traffic_signals"
  },


  {
    "image": "crossings/image59.png",
    "id": 3067479051,
    "longitude": 9.0273883,
    "latitude": 45.8342925,
    "tag": "highway;traffic_signals"
  },


  {
    "image": "crossings/image60.png",
    "id": 3098246639,
    "longitude": 9.018756,
    "latitude": 45.8401735,
    "tag": "highway;traffic_signals"
  }
]