[ {
  "image": "traffic_lights/image0.png",
  "ID": 152649789,
  "longitude": 9.0863774,
  "latitude": 45.8021613,
  "tag": "highway;traffic_signals"
}, {
  "image": "traffic_lights/image1.png",
  "ID": 154772103,
  "longitude": 9.0835478,
  "latitude": 45.8055796,
  "tag": "highway;traffic_signals"
}, {
  "image": "traffic_lights/image2.png",
  "ID": 244469339,
  "longitude": 9.0761948,
  "latitude": 45.8127982,
  "tag": "highway;traffic_signals"
}, {
  "image": "traffic_lights/image3.png",
  "ID": 244480920,
  "longitude": 9.0839168,
  "latitude": 45.7901931,
  "tag": "highway;traffic_signals"
}, {
  "image": "traffic_lights/image4.png",
  "ID": 247106356,
  "longitude": 9.0845179,
  "latitude": 45.8020125,
  "tag": "crossing;traffic_signals"
}, {
  "image": "traffic_lights/image5.png",
  "ID": 247111622,
  "longitude": 9.0232861,
  "latitude": 45.7733451,
  "tag": "highway;traffic_signals"
}, {
  "image": "traffic_lights/image6.png",
  "ID": 247114825,
  "longitude": 9.0748392,
  "latitude": 45.8096588,
  "tag": "highway;traffic_signals"
}, {
  "image": "traffic_lights/image7.png",
  "ID": 255925474,
  "longitude": 9.0845843,
  "latitude": 45.7902334,
  "tag": "highway;traffic_signals"
}, {
  "image": "traffic_lights/image8.png",
  "ID": 255926283,
  "longitude": 9.0940878,
  "latitude": 45.7896711,
  "tag": "highway;traffic_signals"
}, {
  "image": "traffic_lights/image9.png",
  "ID": 268189500,
  "longitude": 9.0380502,
  "latitude": 45.8305925,
  "tag": "highway;traffic_signals"
}, {
  "image": "traffic_lights/image10.png",
  "ID": 269350371,
  "longitude": 9.0895305,
  "latitude": 45.8085132,
  "tag": "highway;traffic_signals"
}, {
  "image": "traffic_lights/image11.png",
  "ID": 269366847,
  "longitude": 9.0980883,
  "latitude": 45.8056395,
  "tag": "crossing;traffic_signals"
}, {
  "image": "traffic_lights/image12.png",
  "ID": 273205014,
  "longitude": 9.0987923,
  "latitude": 45.8048025,
  "tag": "highway;traffic_signals"
}, {
  "image": "traffic_lights/image13.png",
  "ID": 273471204,
  "longitude": 9.0904028,
  "latitude": 45.787783,
  "tag": "crossing_ref;zebra"
}, {
  "image": "traffic_lights/image14.png",
  "ID": 278448158,
  "longitude": 9.0813012,
  "latitude": 45.8043473,
  "tag": "supervised;yes"
}, {
  "image": "traffic_lights/image15.png",
  "ID": 291691232,
  "longitude": 9.0686666,
  "latitude": 45.7875934,
  "tag": "highway;traffic_signals"
}, {
  "image": "traffic_lights/image16.png",
  "ID": 291691236,
  "longitude": 9.0657509,
  "latitude": 45.7911447,
  "tag": "highway;traffic_signals"
}, {
  "image": "traffic_lights/image17.png",
  "ID": 300307001,
  "longitude": 9.1046602,
  "latitude": 45.7752076,
  "tag": "highway;traffic_signals"
}, {
  "image": "traffic_lights/image18.png",
  "ID": 321342325,
  "longitude": 9.0591165,
  "latitude": 45.8008508,
  "tag": "highway;traffic_signals"
}, {
  "image": "traffic_lights/image19.png",
  "ID": 352935832,
  "longitude": 9.0526345,
  "latitude": 45.8240794,
  "tag": "highway;traffic_signals"
}, {
  "image": "traffic_lights/image20.png",
  "ID": 370603914,
  "longitude": 9.0781729,
  "latitude": 45.806236,
  "tag": "highway;traffic_signals"
}, {
  "image": "traffic_lights/image21.png",
  "ID": 370603926,
  "longitude": 9.074919,
  "latitude": 45.8096895,
  "tag": "highway;traffic_signals"
}, {
  "image": "traffic_lights/image22.png",
  "ID": 380354686,
  "longitude": 9.069667,
  "latitude": 45.7860725,
  "tag": "highway;traffic_signals"
}, {
  "image": "traffic_lights/image23.png",
  "ID": 380366811,
  "longitude": 9.0650507,
  "latitude": 45.790701,
  "tag": "highway;traffic_signals"
}, {
  "image": "traffic_lights/image24.png",
  "ID": 380367541,
  "longitude": 9.0586477,
  "latitude": 45.797181,
  "tag": "highway;traffic_signals"
}, {
  "image": "traffic_lights/image25.png",
  "ID": 380373790,
  "longitude": 9.0527121,
  "latitude": 45.7723335,
  "tag": "highway;traffic_signals"
}, {
  "image": "traffic_lights/image26.png",
  "ID": 472276825,
  "longitude": 9.042195,
  "latitude": 45.7838548,
  "tag": "highway;traffic_signals"
}, {
  "image": "traffic_lights/image27.png",
  "ID": 537977077,
  "longitude": 9.0562417,
  "latitude": 45.7880072,
  "tag": "highway;traffic_signals"
}, {
  "image": "traffic_lights/image28.png",
  "ID": 662087000,
  "longitude": 9.0719435,
  "latitude": 45.8312778,
  "tag": "highway;traffic_signals"
}, {
  "image": "traffic_lights/image29.png",
  "ID": 921818999,
  "longitude": 9.0850054,
  "latitude": 45.8021392,
  "tag": "highway;traffic_signals"
}, {
  "image": "traffic_lights/image30.png",
  "ID": 921819021,
  "longitude": 9.0824875,
  "latitude": 45.8037334,
  "tag": "highway;traffic_signals"
}, {
  "image": "traffic_lights/image31.png",
  "ID": 921819024,
  "longitude": 9.0846539,
  "latitude": 45.8020969,
  "tag": "crossing;traffic_signals"
}, {
  "image": "traffic_lights/image32.png",
  "ID": 921819072,
  "longitude": 9.0823631,
  "latitude": 45.803434,
  "tag": "highway;traffic_signals"
}, {
  "image": "traffic_lights/image33.png",
  "ID": 927108064,
  "longitude": 9.0846854,
  "latitude": 45.7904767,
  "tag": "highway;traffic_signals"
}, {
  "image": "traffic_lights/image34.png",
  "ID": 953898121,
  "longitude": 9.0813464,
  "latitude": 45.7893524,
  "tag": "supervised;yes"
}, {
  "image": "traffic_lights/image35.png",
  "ID": 1380225027,
  "longitude": 9.0590102,
  "latitude": 45.8010801,
  "tag": "highway;traffic_signals"
}, {
  "image": "traffic_lights/image36.png",
  "ID": 1543373806,
  "longitude": 9.0768577,
  "latitude": 45.8076429,
  "tag": "highway;traffic_signals"
}, {
  "image": "traffic_lights/image37.png",
  "ID": 1543373809,
  "longitude": 9.0767586,
  "latitude": 45.8076198,
  "tag": "highway;traffic_signals"
}, {
  "image": "traffic_lights/image38.png",
  "ID": 1543373921,
  "longitude": 9.0740979,
  "latitude": 45.8109951,
  "tag": "highway;traffic_signals"
}, {
  "image": "traffic_lights/image39.png",
  "ID": 1608486774,
  "longitude": 9.074119,
  "latitude": 45.8126365,
  "tag": "highway;traffic_signals"
}, {
  "image": "traffic_lights/image40.png",
  "ID": 1827726873,
  "longitude": 9.0853697,
  "latitude": 45.8064281,
  "tag": "highway;traffic_signals"
}, {
  "image": "traffic_lights/image41.png",
  "ID": 1913970606,
  "longitude": 9.0850941,
  "latitude": 45.8063048,
  "tag": "highway;traffic_signals"
}, {
  "image": "traffic_lights/image42.png",
  "ID": 2032805899,
  "longitude": 9.0847681,
  "latitude": 45.8021107,
  "tag": "highway;traffic_signals"
}, {
  "image": "traffic_lights/image43.png",
  "ID": 2032806035,
  "longitude": 9.0843039,
  "latitude": 45.7902645,
  "tag": "highway;traffic_signals"
}, {
  "image": "traffic_lights/image44.png",
  "ID": 2032806081,
  "longitude": 9.0589844,
  "latitude": 45.8010744,
  "tag": "highway;traffic_signals"
}, {
  "image": "traffic_lights/image45.png",
  "ID": 2032806144,
  "longitude": 9.0591304,
  "latitude": 45.800746,
  "tag": "highway;traffic_signals"
}, {
  "image": "traffic_lights/image46.png",
  "ID": 2032806177,
  "longitude": 9.0592999,
  "latitude": 45.8007957,
  "tag": "highway;traffic_signals"
}, {
  "image": "traffic_lights/image47.png",
  "ID": 2032806404,
  "longitude": 9.0586087,
  "latitude": 45.7970904,
  "tag": "crossing;traffic_signals"
}, {
  "image": "traffic_lights/image48.png",
  "ID": 2038581023,
  "longitude": 9.0935066,
  "latitude": 45.7793391,
  "tag": "highway;traffic_signals"
}, {
  "image": "traffic_lights/image49.png",
  "ID": 2040164226,
  "longitude": 9.0812528,
  "latitude": 45.8043115,
  "tag": "crossing_ref;zebra"
}, {
  "image": "traffic_lights/image50.png",
  "ID": 2070796902,
  "longitude": 9.0762011,
  "latitude": 45.8409079,
  "tag": "supervised;yes"
}, {
  "image": "traffic_lights/image51.png",
  "ID": 2070796912,
  "longitude": 9.0776003,
  "latitude": 45.8424432,
  "tag": "bicycle;yes"
}, {
  "image": "traffic_lights/image52.png",
  "ID": 2157440250,
  "longitude": 9.0917588,
  "latitude": 45.7841576,
  "tag": "highway;traffic_signals"
}, {
  "image": "traffic_lights/image53.png",
  "ID": 2298875383,
  "longitude": 9.0926548,
  "latitude": 45.7801017,
  "tag": "highway;traffic_signals"
}, {
  "image": "traffic_lights/image54.png",
  "ID": 2902710204,
  "longitude": 9.0719288,
  "latitude": 45.8313684,
  "tag": "highway;traffic_signals"
}, {
  "image": "traffic_lights/image55.png",
  "ID": 2902718803,
  "longitude": 9.0719046,
  "latitude": 45.8315094,
  "tag": "highway;traffic_signals"
}, {
  "image": "traffic_lights/image56.png",
  "ID": 3067479042,
  "longitude": 9.0274535,
  "latitude": 45.8342816,
  "tag": "highway;traffic_signals"
}, {
  "image": "traffic_lights/image57.png",
  "ID": 3067479047,
  "longitude": 9.0272818,
  "latitude": 45.8342676,
  "tag": "highway;traffic_signals"
}, {
  "image": "traffic_lights/image58.png",
  "ID": 3067479050,
  "longitude": 9.0273074,
  "latitude": 45.8342911,
  "tag": "highway;traffic_signals"
}, {
  "image": "traffic_lights/image59.png",
  "ID": 3067479051,
  "longitude": 9.0273883,
  "latitude": 45.8342925,
  "tag": "highway;traffic_signals"
}, {
  "image": "traffic_lights/image60.png",
  "ID": 3098246639,
  "longitude": 9.0187421,
  "latitude": 45.8401877,
  "tag": "highway;traffic_signals"
} ]