{
  "job": "565084b5ef61801037cdebf5",
  "name": "Event symbol",
  "description": "Event symbol",
  "operations": [ {
    "name": "classify",
    "label": "general-event",
    "params": {
      "categories": [
        "A.svg",
        "C.svg",
        "D.svg"
      ]
    }
  }, {
    "name": "classify",
    "label": "start-event",
    "params": {
      "categories": [
        "A.svg",
        "C.svg",
        "D.svg"
      ]
    }
  }, {
    "name": "classify",
    "label": "end-event",
    "params": {
      "categories": [
        "A.svg",
        "C.svg",
        "D.svg"
      ]
    }
  } ],
  "platforms": [ {
    "name": "tef",
    "enabled": true,
    "execution": true,
    "invitation": false,
    "params": {
      "url": "http://localhost:8100",
      "interface": "modeling-event"
    }
  } ],
  "objects": [ {
    "data": {
      "id": "general-event",
      "question": "General Event blabal"
    }
  }, {
    "data": {
      "id": "start-event",
      "question": "Start Event blabal"
    }
  }, {
    "data": {
      "id": "end-event",
      "question": "End Event blabal"
    }
  } ],
  "controlrules": [ {
    "name": "classifyMajority",
    "params": {
      "operation": "general-event",
      "answers": 2,
      "agreement": 2
    }
  }, {
    "name": "classifyMajority",
    "params": {
      "operation": "start-event",
      "answers": 2,
      "agreement": 2
    }
  }, {
    "name": "classifyMajority",
    "params": {
      "operation": "end-event",
      "answers": 2,
      "agreement": 2
    }
  }, {
    "name": "aggregateMajority",
    "params": {
      "mode": "ALL"
    }
  }, {
    "name": "closeMicroTaskOnObjectStatus"
  } ],
  "splittingStrategy": {
    "name": "EQUI_SPLIT",
    "params": {
      "objectsNumber": 3,
      "shuffle": true
    }
  },
  "assignmentStrategy": {
    "name": "RANDOM"
  },
  "implementationStrategy": {
    "name": "RANDOM"
  }
}