<?xml version='1.0' encoding='UTF-8'?>
<osm version="0.6" generator="Osmosis SNAPSHOT-r26564" xapi:planetDate="2015-08-03T09:01:02Z" xmlns:xapi="http://jxapi.openstreetmap.org/">
  <node id="152649789" version="10" timestamp="2012-11-25T20:19:42Z" uid="668137" user="ilGianlu" changeset="14036107" lat="45.8021613" lon="9.0863774">
    <tag k="highway" v="traffic_signals"/>
  </node>
  <node id="154772103" version="7" timestamp="2013-02-02T15:11:53Z" uid="668137" user="ilGianlu" changeset="14884538" lat="45.8055796" lon="9.0835478">
    <tag k="highway" v="traffic_signals"/>
  </node>
  <node id="244469339" version="6" timestamp="2012-11-26T00:58:15Z" uid="668137" user="ilGianlu" changeset="14039442" lat="45.8127982" lon="9.0761948">
    <tag k="highway" v="traffic_signals"/>
  </node>
  <node id="244480920" version="6" timestamp="2013-12-11T14:14:46Z" uid="429539" user="Cristian1989" changeset="19396077" lat="45.7901931" lon="9.0839168">
    <tag k="highway" v="traffic_signals"/>
  </node>
  <node id="247106356" version="10" timestamp="2012-11-25T20:02:29Z" uid="668137" user="ilGianlu" changeset="14035830" lat="45.8020125" lon="9.0845179">
    <tag k="crossing" v="traffic_signals"/>
    <tag k="highway" v="traffic_signals"/>
  </node>
  <node id="247111622" version="8" timestamp="2014-05-17T21:55:02Z" uid="668137" user="ilGianlu" changeset="22397234" lat="45.7733451" lon="9.0232861">
    <tag k="highway" v="traffic_signals"/>
  </node>
  <node id="247114825" version="5" timestamp="2011-12-12T22:52:38Z" uid="178186" user="mdk" changeset="10103937" lat="45.8096588" lon="9.0748392">
    <tag k="highway" v="traffic_signals"/>
  </node>
  <node id="255925474" version="8" timestamp="2014-06-04T19:48:15Z" uid="893327" user="mcheckimport" changeset="22741934" lat="45.7902334" lon="9.0845843">
    <tag k="highway" v="traffic_signals"/>
  </node>
  <node id="255926283" version="4" timestamp="2013-05-10T22:08:16Z" uid="69717" user="kaitu" changeset="16072329" lat="45.7896711" lon="9.0940878">
    <tag k="highway" v="traffic_signals"/>
  </node>
  <node id="268189500" version="5" timestamp="2014-07-14T18:01:36Z" uid="160229" user="Rattorosso" changeset="24145579" lat="45.8305925" lon="9.0380502">
    <tag k="highway" v="traffic_signals"/>
  </node>
  <node id="269350371" version="7" timestamp="2014-06-19T18:43:42Z" uid="2044340" user="Taurus77" changeset="23030678" lat="45.8085132" lon="9.0895305">
    <tag k="crossing" v="traffic_signals"/>
    <tag k="highway" v="traffic_signals"/>
    <tag k="crossing_ref" v="zebra"/>
    <tag k="supervised" v="yes"/>
  </node>
  <node id="269366847" version="12" timestamp="2012-12-01T19:19:52Z" uid="668137" user="ilGianlu" changeset="14115817" lat="45.8056395" lon="9.0980883">
    <tag k="highway" v="traffic_signals"/>
  </node>
  <node id="273205014" version="11" timestamp="2012-12-01T19:19:47Z" uid="668137" user="ilGianlu" changeset="14115817" lat="45.8048025" lon="9.0987923">
    <tag k="highway" v="traffic_signals"/>
  </node>
  <node id="273471204" version="8" timestamp="2012-11-28T17:24:13Z" uid="668137" user="ilGianlu" changeset="14076172" lat="45.787783" lon="9.0904028">
    <tag k="highway" v="traffic_signals"/>
  </node>
  <node id="278448158" version="8" timestamp="2012-11-29T16:31:39Z" uid="668137" user="ilGianlu" changeset="14088392" lat="45.8043473" lon="9.0813012">
    <tag k="highway" v="traffic_signals"/>
  </node>
  <node id="291691232" version="3" timestamp="2009-12-18T14:46:49Z" uid="198042" user="Terensky" changeset="3400958" lat="45.7875934" lon="9.0686666">
    <tag k="highway" v="traffic_signals"/>
  </node>
  <node id="291691236" version="4" timestamp="2009-12-18T14:46:49Z" uid="198042" user="Terensky" changeset="3400958" lat="45.7911447" lon="9.0657509">
    <tag k="highway" v="traffic_signals"/>
  </node>
  <node id="300307001" version="9" timestamp="2014-07-12T12:49:19Z" uid="905066" user="Comasco" changeset="24100272" lat="45.7752076" lon="9.1046602">
    <tag k="highway" v="traffic_signals"/>
  </node>
  <node id="321342325" version="5" timestamp="2011-07-31T14:49:19Z" uid="475992" user="redShadow" changeset="8881675" lat="45.8008508" lon="9.0591165">
    <tag k="highway" v="traffic_signals"/>
  </node>
  <node id="352935832" version="2" timestamp="2010-06-07T07:53:43Z" uid="118185" user="albertux" changeset="4925577" lat="45.8240794" lon="9.0526345">
    <tag k="highway" v="traffic_signals"/>
  </node>
  <node id="370603914" version="2" timestamp="2009-10-03T10:20:05Z" uid="118185" user="albertux" changeset="2721251" lat="45.806236" lon="9.0781729">
    <tag k="highway" v="traffic_signals"/>
  </node>
  <node id="370603926" version="4" timestamp="2012-11-29T16:31:38Z" uid="668137" user="ilGianlu" changeset="14088392" lat="45.8096895" lon="9.074919">
    <tag k="highway" v="traffic_signals"/>
  </node>
  <node id="380354686" version="3" timestamp="2010-06-11T09:08:30Z" uid="118185" user="albertux" changeset="4960853" lat="45.7860725" lon="9.069667">
    <tag k="highway" v="traffic_signals"/>
  </node>
  <node id="380366811" version="3" timestamp="2012-11-25T20:02:36Z" uid="668137" user="ilGianlu" changeset="14035830" lat="45.790701" lon="9.0650507">
    <tag k="highway" v="traffic_signals"/>
  </node>
  <node id="380367541" version="2" timestamp="2012-11-25T20:02:39Z" uid="668137" user="ilGianlu" changeset="14035830" lat="45.797181" lon="9.0586477">
    <tag k="highway" v="traffic_signals"/>
  </node>
  <node id="380373790" version="4" timestamp="2012-05-26T23:21:39Z" uid="668137" user="ilGianlu" changeset="11711413" lat="45.7723335" lon="9.0527121">
    <tag k="highway" v="traffic_signals"/>
  </node>
  <node id="472276825" version="4" timestamp="2015-05-22T20:20:19Z" uid="178610" user="Pab09" changeset="31382877" lat="45.7838672" lon="9.0421791">
    <tag k="highway" v="traffic_signals"/>
  </node>
  <node id="537977077" version="1" timestamp="2009-10-21T18:22:05Z" uid="131835" user="DarkFlash" changeset="2914525" lat="45.7880072" lon="9.0562417">
    <tag k="crossing" v="traffic_signals"/>
    <tag k="highway" v="traffic_signals"/>
  </node>
  <node id="662087000" version="4" timestamp="2014-06-08T13:10:38Z" uid="2044340" user="Taurus77" changeset="22809537" lat="45.8312778" lon="9.0719435">
    <tag k="highway" v="traffic_signals"/>
    <tag k="supervised" v="yes"/>
  </node>
  <node id="921818999" version="2" timestamp="2012-11-25T20:02:39Z" uid="668137" user="ilGianlu" changeset="14035830" lat="45.8021392" lon="9.0850054">
    <tag k="highway" v="traffic_signals"/>
  </node>
  <node id="921819021" version="2" timestamp="2012-11-30T21:05:41Z" uid="668137" user="ilGianlu" changeset="14104128" lat="45.8037334" lon="9.0824875">
    <tag k="highway" v="traffic_signals"/>
  </node>
  <node id="921819024" version="3" timestamp="2012-11-25T20:02:31Z" uid="668137" user="ilGianlu" changeset="14035830" lat="45.8020969" lon="9.0846539">
    <tag k="highway" v="traffic_signals"/>
  </node>
  <node id="921819072" version="2" timestamp="2013-04-04T19:57:35Z" uid="179581" user="Geofreund1" changeset="15611966" lat="45.803434" lon="9.0823631">
    <tag k="highway" v="traffic_signals"/>
  </node>
  <node id="927108064" version="6" timestamp="2014-06-04T19:48:15Z" uid="893327" user="mcheckimport" changeset="22741934" lat="45.7904767" lon="9.0846854">
    <tag k="highway" v="traffic_signals"/>
  </node>
  <node id="953898121" version="2" timestamp="2011-01-02T16:53:21Z" uid="131835" user="DarkFlash" changeset="6840410" lat="45.7893524" lon="9.0813464">
    <tag k="highway" v="traffic_signals"/>
  </node>
  <node id="1380225027" version="2" timestamp="2012-11-25T20:02:30Z" uid="668137" user="ilGianlu" changeset="14035830" lat="45.8010801" lon="9.0590102">
    <tag k="highway" v="traffic_signals"/>
  </node>
  <node id="1543373806" version="4" timestamp="2012-11-30T17:18:53Z" uid="668137" user="ilGianlu" changeset="14101489" lat="45.8076429" lon="9.0768577">
    <tag k="highway" v="traffic_signals"/>
  </node>
  <node id="1543373809" version="3" timestamp="2012-11-30T17:18:53Z" uid="668137" user="ilGianlu" changeset="14101489" lat="45.8076198" lon="9.0767586">
    <tag k="highway" v="traffic_signals"/>
  </node>
  <node id="1543373921" version="3" timestamp="2014-06-15T08:14:56Z" uid="2044340" user="Taurus77" changeset="22939290" lat="45.8109951" lon="9.0740979">
    <tag k="highway" v="traffic_signals"/>
  </node>
  <node id="1608486774" version="2" timestamp="2012-01-28T11:02:21Z" uid="18818" user="valhalla" changeset="10519804" lat="45.8126365" lon="9.074119">
    <tag k="highway" v="traffic_signals"/>
  </node>
  <node id="1827726873" version="3" timestamp="2012-11-25T20:19:42Z" uid="668137" user="ilGianlu" changeset="14036107" lat="45.8064281" lon="9.0853697">
    <tag k="highway" v="traffic_signals"/>
  </node>
  <node id="1913970608" version="3" timestamp="2015-01-18T15:02:41Z" uid="1476146" user="Alecs01" changeset="28232386" lat="45.806346" lon="9.0852003">
    <tag k="highway" v="traffic_signals"/>
  </node>
  <node id="2032805899" version="1" timestamp="2012-11-25T20:01:58Z" uid="668137" user="ilGianlu" changeset="14035830" lat="45.8021107" lon="9.0847681">
    <tag k="highway" v="traffic_signals"/>
  </node>
  <node id="2032806035" version="2" timestamp="2014-06-04T19:48:15Z" uid="893327" user="mcheckimport" changeset="22741934" lat="45.7902645" lon="9.0843039">
    <tag k="highway" v="traffic_signals"/>
  </node>
  <node id="2032806081" version="1" timestamp="2012-11-25T20:02:01Z" uid="668137" user="ilGianlu" changeset="14035830" lat="45.8010744" lon="9.0589844">
    <tag k="highway" v="traffic_signals"/>
  </node>
  <node id="2032806144" version="1" timestamp="2012-11-25T20:02:02Z" uid="668137" user="ilGianlu" changeset="14035830" lat="45.800746" lon="9.0591304">
    <tag k="highway" v="traffic_signals"/>
  </node>
  <node id="2032806177" version="1" timestamp="2012-11-25T20:02:02Z" uid="668137" user="ilGianlu" changeset="14035830" lat="45.8007957" lon="9.0592999">
    <tag k="highway" v="traffic_signals"/>
  </node>
  <node id="2032806404" version="2" timestamp="2015-01-14T09:39:07Z" uid="893327" user="mcheckimport" changeset="28130623" lat="45.797069" lon="9.0585979">
    <tag k="highway" v="traffic_signals"/>
  </node>
  <node id="2038581023" version="2" timestamp="2013-05-08T12:10:37Z" uid="893327" user="mcheckimport" changeset="16028419" lat="45.7793391" lon="9.0935066">
    <tag k="highway" v="traffic_signals"/>
  </node>
  <node id="2040164226" version="1" timestamp="2012-11-29T16:31:33Z" uid="668137" user="ilGianlu" changeset="14088392" lat="45.8043115" lon="9.0812528">
    <tag k="highway" v="traffic_signals"/>
  </node>
  <node id="2070796902" version="1" timestamp="2012-12-16T22:44:52Z" uid="69717" user="kaitu" changeset="14300180" lat="45.8409079" lon="9.0762011">
    <tag k="highway" v="traffic_signals"/>
  </node>
  <node id="2070796912" version="2" timestamp="2014-04-21T22:05:49Z" uid="69717" user="kaitu" changeset="21850737" lat="45.8424432" lon="9.0776003">
    <tag k="highway" v="traffic_signals"/>
  </node>
  <node id="2157440250" version="1" timestamp="2013-02-16T14:26:27Z" uid="118185" user="albertux" changeset="15051858" lat="45.7841576" lon="9.0917588">
    <tag k="highway" v="traffic_signals"/>
  </node>
  <node id="2298875383" version="1" timestamp="2013-05-10T22:07:07Z" uid="69717" user="kaitu" changeset="16072329" lat="45.7801017" lon="9.0926548">
    <tag k="highway" v="traffic_signals"/>
  </node>
  <node id="2588581144" version="4" timestamp="2015-01-07T21:05:51Z" uid="2265854" user="G4rp" changeset="27985136" lat="45.8342274" lon="9.0273823">
    <tag k="highway" v="traffic_signals"/>
  </node>
  <node id="2902710204" version="3" timestamp="2014-06-08T13:10:37Z" uid="2044340" user="Taurus77" changeset="22809537" lat="45.8313684" lon="9.0719288">
    <tag k="crossing" v="traffic_signals"/>
    <tag k="highway" v="traffic_signals"/>
    <tag k="crossing_ref" v="zebra"/>
    <tag k="supervised" v="yes"/>
  </node>
  <node id="2902718803" version="2" timestamp="2014-06-08T13:05:09Z" uid="2044340" user="Taurus77" changeset="22809468" lat="45.8315094" lon="9.0719046">
    <tag k="crossing" v="traffic_signals"/>
    <tag k="highway" v="traffic_signals"/>
    <tag k="crossing_ref" v="zebra"/>
    <tag k="supervised" v="yes"/>
  </node>
  <node id="3098246639" version="2" timestamp="2014-11-23T21:18:44Z" uid="2265854" user="G4rp" changeset="26983058" lat="45.8401735" lon="9.018756">
    <tag k="highway" v="traffic_signals"/>
  </node>
</osm>
