{
  "data": [ {
      "image": "image0.png",
      "id": 152649789,
      "Longitude": 9.0863774,
      "Latitude": 45.8021613,
      "Tag": "highway;traffic_signals"
    },

    {
      "image": "image1.png",
      "id": 154772103,
      "Longitude": 9.0835478,
      "Latitude": 45.8055796,
      "Tag": "highway;traffic_signals"
    },

    {
      "image": "image2.png",
      "id": 244469339,
      "Longitude": 9.0761948,
      "Latitude": 45.8127982,
      "Tag": "highway;traffic_signals"
    },

    {
      "image": "image3.png",
      "id": 244480920,
      "Longitude": 9.0839168,
      "Latitude": 45.7901931,
      "Tag": "highway;traffic_signals"
    },

    {
      "image": "image4.png",
      "id": 247106356,
      "Longitude": 9.0845179,
      "Latitude": 45.8020125,
      "Tag": "crossing;traffic_signals"
    },

    {
      "image": "image5.png",
      "id": 247111622,
      "Longitude": 9.0232861,
      "Latitude": 45.7733451,
      "Tag": "highway;traffic_signals"
    },

    {
      "image": "image6.png",
      "id": 247114825,
      "Longitude": 9.0748392,
      "Latitude": 45.8096588,
      "Tag": "highway;traffic_signals"
    },

    {
      "image": "image7.png",
      "id": 255925474,
      "Longitude": 9.0845843,
      "Latitude": 45.7902334,
      "Tag": "highway;traffic_signals"
    },

    {
      "image": "image8.png",
      "id": 255926283,
      "Longitude": 9.0940878,
      "Latitude": 45.7896711,
      "Tag": "highway;traffic_signals"
    },

    {
      "image": "image9.png",
      "id": 268189500,
      "Longitude": 9.0380502,
      "Latitude": 45.8305925,
      "Tag": "highway;traffic_signals"
    },

    {
      "image": "image10.png",
      "id": 269350371,
      "Longitude": 9.0895305,
      "Latitude": 45.8085132,
      "Tag": "highway;traffic_signals"
    },

    {
      "image": "image11.png",
      "id": 269366847,
      "Longitude": 9.0980883,
      "Latitude": 45.8056395,
      "Tag": "crossing;traffic_signals"
    },

    {
      "image": "image12.png",
      "id": 273205014,
      "Longitude": 9.0987923,
      "Latitude": 45.8048025,
      "Tag": "highway;traffic_signals"
    },

    {
      "image": "image13.png",
      "id": 273471204,
      "Longitude": 9.0904028,
      "Latitude": 45.787783,
      "Tag": "crossing_ref;zebra"
    },

    {
      "image": "image14.png",
      "id": 278448158,
      "Longitude": 9.0813012,
      "Latitude": 45.8043473,
      "Tag": "supervised;yes"
    },

    {
      "image": "image15.png",
      "id": 291691232,
      "Longitude": 9.0686666,
      "Latitude": 45.7875934,
      "Tag": "highway;traffic_signals"
    },

    {
      "image": "image16.png",
      "id": 291691236,
      "Longitude": 9.0657509,
      "Latitude": 45.7911447,
      "Tag": "highway;traffic_signals"
    },

    {
      "image": "image17.png",
      "id": 300307001,
      "Longitude": 9.1046602,
      "Latitude": 45.7752076,
      "Tag": "highway;traffic_signals"
    },

    {
      "image": "image18.png",
      "id": 321342325,
      "Longitude": 9.0591165,
      "Latitude": 45.8008508,
      "Tag": "highway;traffic_signals"
    },

    {
      "image": "image19.png",
      "id": 352935832,
      "Longitude": 9.0526345,
      "Latitude": 45.8240794,
      "Tag": "highway;traffic_signals"
    },

    {
      "image": "image20.png",
      "id": 370603914,
      "Longitude": 9.0781729,
      "Latitude": 45.806236,
      "Tag": "highway;traffic_signals"
    },

    {
      "image": "image21.png",
      "id": 370603926,
      "Longitude": 9.074919,
      "Latitude": 45.8096895,
      "Tag": "highway;traffic_signals"
    },

    {
      "image": "image22.png",
      "id": 380354686,
      "Longitude": 9.069667,
      "Latitude": 45.7860725,
      "Tag": "highway;traffic_signals"
    },

    {
      "image": "image23.png",
      "id": 380366811,
      "Longitude": 9.0650507,
      "Latitude": 45.790701,
      "Tag": "highway;traffic_signals"
    },

    {
      "image": "image24.png",
      "id": 380367541,
      "Longitude": 9.0586477,
      "Latitude": 45.797181,
      "Tag": "highway;traffic_signals"
    },

    {
      "image": "image25.png",
      "id": 380373790,
      "Longitude": 9.0527121,
      "Latitude": 45.7723335,
      "Tag": "highway;traffic_signals"
    },

    {
      "image": "image26.png",
      "id": 472276825,
      "Longitude": 9.042195,
      "Latitude": 45.7838548,
      "Tag": "highway;traffic_signals"
    },

    {
      "image": "image27.png",
      "id": 537977077,
      "Longitude": 9.0562417,
      "Latitude": 45.7880072,
      "Tag": "highway;traffic_signals"
    },

    {
      "image": "image28.png",
      "id": 662087000,
      "Longitude": 9.0719435,
      "Latitude": 45.8312778,
      "Tag": "highway;traffic_signals"
    },

    {
      "image": "image29.png",
      "id": 921818999,
      "Longitude": 9.0850054,
      "Latitude": 45.8021392,
      "Tag": "highway;traffic_signals"
    },

    {
      "image": "image30.png",
      "id": 921819021,
      "Longitude": 9.0824875,
      "Latitude": 45.8037334,
      "Tag": "highway;traffic_signals"
    },

    {
      "image": "image31.png",
      "id": 921819024,
      "Longitude": 9.0846539,
      "Latitude": 45.8020969,
      "Tag": "crossing;traffic_signals"
    },

    {
      "image": "image32.png",
      "id": 921819072,
      "Longitude": 9.0823631,
      "Latitude": 45.803434,
      "Tag": "highway;traffic_signals"
    },

    {
      "image": "image33.png",
      "id": 927108064,
      "Longitude": 9.0846854,
      "Latitude": 45.7904767,
      "Tag": "highway;traffic_signals"
    },

    {
      "image": "image34.png",
      "id": 953898121,
      "Longitude": 9.0813464,
      "Latitude": 45.7893524,
      "Tag": "supervised;yes"
    },

    {
      "image": "image35.png",
      "id": 1380225027,
      "Longitude": 9.0590102,
      "Latitude": 45.8010801,
      "Tag": "highway;traffic_signals"
    },

    {
      "image": "image36.png",
      "id": 1543373806,
      "Longitude": 9.0768577,
      "Latitude": 45.8076429,
      "Tag": "highway;traffic_signals"
    },

    {
      "image": "image37.png",
      "id": 1543373809,
      "Longitude": 9.0767586,
      "Latitude": 45.8076198,
      "Tag": "highway;traffic_signals"
    },

    {
      "image": "image38.png",
      "id": 1543373921,
      "Longitude": 9.0740979,
      "Latitude": 45.8109951,
      "Tag": "highway;traffic_signals"
    },

    {
      "image": "image39.png",
      "id": 1608486774,
      "Longitude": 9.074119,
      "Latitude": 45.8126365,
      "Tag": "highway;traffic_signals"
    },

    {
      "image": "image40.png",
      "id": 1827726873,
      "Longitude": 9.0853697,
      "Latitude": 45.8064281,
      "Tag": "highway;traffic_signals"
    },

    {
      "image": "image41.png",
      "id": 1913970606,
      "Longitude": 9.0850941,
      "Latitude": 45.8063048,
      "Tag": "highway;traffic_signals"
    },

    {
      "image": "image42.png",
      "id": 2032805899,
      "Longitude": 9.0847681,
      "Latitude": 45.8021107,
      "Tag": "highway;traffic_signals"
    },

    {
      "image": "image43.png",
      "id": 2032806035,
      "Longitude": 9.0843039,
      "Latitude": 45.7902645,
      "Tag": "highway;traffic_signals"
    },

    {
      "image": "image44.png",
      "id": 2032806081,
      "Longitude": 9.0589844,
      "Latitude": 45.8010744,
      "Tag": "highway;traffic_signals"
    },

    {
      "image": "image45.png",
      "id": 2032806144,
      "Longitude": 9.0591304,
      "Latitude": 45.800746,
      "Tag": "highway;traffic_signals"
    },

    {
      "image": "image46.png",
      "id": 2032806177,
      "Longitude": 9.0592999,
      "Latitude": 45.8007957,
      "Tag": "highway;traffic_signals"
    },

    {
      "image": "image47.png",
      "id": 2032806404,
      "Longitude": 9.0586087,
      "Latitude": 45.7970904,
      "Tag": "crossing;traffic_signals"
    },

    {
      "image": "image48.png",
      "id": 2038581023,
      "Longitude": 9.0935066,
      "Latitude": 45.7793391,
      "Tag": "highway;traffic_signals"
    },

    {
      "image": "image49.png",
      "id": 2040164226,
      "Longitude": 9.0812528,
      "Latitude": 45.8043115,
      "Tag": "crossing_ref;zebra"
    },

    {
      "image": "image50.png",
      "id": 2070796902,
      "Longitude": 9.0762011,
      "Latitude": 45.8409079,
      "Tag": "supervised;yes"
    },

    {
      "image": "image51.png",
      "id": 2070796912,
      "Longitude": 9.0776003,
      "Latitude": 45.8424432,
      "Tag": "bicycle;yes"
    },

    {
      "image": "image52.png",
      "id": 2157440250,
      "Longitude": 9.0917588,
      "Latitude": 45.7841576,
      "Tag": "highway;traffic_signals"
    },

    {
      "image": "image53.png",
      "id": 2298875383,
      "Longitude": 9.0926548,
      "Latitude": 45.7801017,
      "Tag": "highway;traffic_signals"
    },

    {
      "image": "image54.png",
      "id": 2902710204,
      "Longitude": 9.0719288,
      "Latitude": 45.8313684,
      "Tag": "highway;traffic_signals"
    },

    {
      "image": "image55.png",
      "id": 2902718803,
      "Longitude": 9.0719046,
      "Latitude": 45.8315094,
      "Tag": "highway;traffic_signals"
    },

    {
      "image": "image56.png",
      "id": 3067479042,
      "Longitude": 9.0274535,
      "Latitude": 45.8342816,
      "Tag": "highway;traffic_signals"
    },

    {
      "image": "image57.png",
      "id": 3067479047,
      "Longitude": 9.0272818,
      "Latitude": 45.8342676,
      "Tag": "highway;traffic_signals"
    },

    {
      "image": "image58.png",
      "id": 3067479050,
      "Longitude": 9.0273074,
      "Latitude": 45.8342911,
      "Tag": "highway;traffic_signals"
    },

    {
      "image": "image59.png",
      "id": 3067479051,
      "Longitude": 9.0273883,
      "Latitude": 45.8342925,
      "Tag": "highway;traffic_signals"
    },

    {
      "image": "image60.png",
      "id": 3098246639,
      "Longitude": 9.018756,
      "Latitude": 45.8401735,
      "Tag": "highway;traffic_signals"
    }
  ]
}