{
  "job": "5614d5bc6d07dde3020d4874",
  "name": "Activity Symbol",
  "description": "Activity Symbol",
  "operations": [ {
    "name": "classify",
    "label": "activity",
    "params": {
      "categories": [
        "A.svg",
        "C.svg",
        "D.svg"
      ]
    }
  } ],
  "platforms": [ {
    "name": "tef",
    "enabled": true,
    "execution": true,
    "invitation": false,
    "params": {
      "url": "http://localhost:8100",
      "interface": "modeling-task"
    }
  } ],
  "objects": [ {
    "data": {
      "id": "activity",
      "question": "Task question"
    }
  } ],
  "controlrules": [ {
    "name": "classifyMajority",
    "params": {
      "operation": "activity",
      "answers": 2,
      "agreement": 2
    }
  }, {
    "name": "aggregateMajority",
    "params": {
      "mode": "ALL"
    }
  }, {
    "name": "closeMicroTaskOnObjectStatus"
  } ],
  "splittingStrategy": {
    "name": "EQUI_SPLIT",
    "params": {
      "objectsNumber": 3,
      "shuffle": true
    }
  },
  "assignmentStrategy": {
    "name": "RANDOM"
  },
  "implementationStrategy": {
    "name": "RANDOM"
  }
}